16,1028,Accounting,,0
16,1029,A-Level,,1028
16,1790,Adult Learner,,1028
16,1030,AS-Level,,1028
16,1031,Degree,,1028
16,1789,GCSE,,1028
16,1032,IB,,1028
16,1788,KS3,,1028
16,1787,Primary,,1028
16,1033,Admissions,,0
16,1034,11+,,1033
16,1035,Primary,,1033
16,1036,Advanced Maths,,0
16,1037,A-Level,,1036
16,1038,AS-Level,,1036
16,1039,GCSE,,1036
16,1040,IB,,1036
16,1041,Ancient History,,0
16,1042,A-Level,,1041
16,1043,AS-Level,,1041
16,1044,Degree,,1041
16,1045,IB,,1041
16,1046,Anthropology,,0
16,1047,A-Level,,1046
16,1049,AS-Level,,1046
16,1051,Degree,,1046
16,1053,IB,,1046
16,1054,Arabic,,0
16,1055,A-Level,,1054
16,1056,Advanced,,1054
16,1057,AS-Level,,1054
16,1058,Beginner,,1054
16,1059,Degree,,1054
16,1060,GCSE,,1054
16,1061,IB,,1054
16,1062,Intermediate,,1054
16,1063,Art,,0
16,1064,11+,,1063
16,1065,A-Level,,1063
16,1066,AS-Level,,1063
16,1067,Degree,,1063
16,1068,GCSE,,1063
16,1069,IB,,1063
16,1070,Primary,,1063
16,1071,Astronomy,,0
16,1072,A-Level,,1071
16,1074,AS-Level,,1071
16,1076,Degree,,1071
16,1078,GCSE,,1071
16,1080,IB,,1071
16,1081,Basic IT Skills,,0
16,1082,Basic IT Skills,,1081
16,1083,Basic Skills,,0
16,1084,11+,,1083
16,1085,Primary,,1083
16,1086,Bengali,,0
16,1087,A-Level,,1086
16,1088,Advanced,,1086
16,1089,AS-Level,,1086
16,1090,Beginner,,1086
16,1091,Degree,,1086
16,1092,GCSE,,1086
16,1093,IB,,1086
16,1094,Intermediate,,1086
16,1095,Biology,,0
16,1096,A-Level,,1095
16,1097,AS-Level,,1095
16,1098,Degree,,1095
16,1099,GCSE,,1095
16,1100,IB,,1095
16,1101,Pre-U,,1095
16,1102,Business Studies,,0
16,1103,A-Level,,1102
16,1104,Degree,,1102
16,1105,IB,,1102
16,1106,Cambridge University Admissions,,0
16,1107,Cambridge University Admissions,,1106
16,1108,Cantonese,,0
16,1109,A-Level,,1108
16,1110,Advanced,,1108
16,1111,AS-Level,,1108
16,1112,Beginner,,1108
16,1113,Degree,,1108
16,1114,Careers Services,,0
16,1115,A-Level,,1114
16,1116,AS-Level,,1114
16,1117,Degree,,1114
16,1118,Chemistry,,0
16,1119,A-Level,,1118
16,1120,AS-Level,,1118
16,1121,Degree,,1118
16,1122,GCSE,,1118
16,1123,IB,,1118
16,1124,Pre-U,,1118
16,1782,Dyslexia Support,,0
16,1202,Economics,,0
16,1203,A-Level,,1202
16,1207,IB,,1202
16,1208,Pre-U,,1202
16,1206,GCSE,,1202
16,1205,Degree,,1202
16,1204,AS-Level,,1202
16,1185,Drama,,0
16,1186,11+,,1185
16,1187,A-Level,,1185
16,1188,AS-Level,,1185
16,1189,Degree,,1185
16,1192,Primary,,1185
16,1191,IB,,1185
16,1190,GCSE,,1185
16,1193,Dutch,,0
16,1201,Intermediate,,1193
16,1200,IB,,1193
16,1199,GCSE,,1193
16,1197,Beginner,,1193
16,1198,Degree,,1193
16,1196,AS-Level,,1193
16,1195,Advanced,,1193
16,1194,A-Level,,1193
16,1209,Electronics,,0
16,1210,A-Level,,1209
16,1214,IB,,1209
16,1213,GCSE,,1209
16,1212,Degree,,1209
16,1211,AS-Level,,1209
16,1772,English as a Second Language,,0
16,1774,Advanced,,1772
16,1773,Basic,,1772
16,1215,Engineering,,0
16,1216,A-Level,,1215
16,1217,Degree,,1215
16,1218,IB,,1215
16,1219,English,,0
16,1226,Scholarship,,1219
16,1225,Primary,,1219
16,1224,Pre-U,,1219
16,1223,IB,,1219
16,1797,Functional Skills,,1219
16,1221,Common entrance,,1219
16,1222,Degree,,1219
16,1220,11+,,1219
16,1754,13+,,1219
16,1755,A-Level,,1219
16,1756,GCSE,,1219
16,1146,Computer Science,,0
16,1147,11+,,1146
16,1151,Degree,,1146
16,1152,GCSE,,1146
16,1150,Common entrance,,1146
16,1149,AS-Level,,1146
16,1148,A-Level,,1146
16,1153,IB,,1146
16,1154,Primary,,1146
16,1139,Classics,,0
16,1144,GCSE,,1139
16,1145,IB,,1139
16,1143,Degree,,1139
16,1142,Common entrance,,1139
16,1140,A-Level,,1139
16,1141,AS-Level,,1139
16,1134,Citizenship studies,,0
16,1138,GCSE,,1134
16,1136,AS-Level,,1134
16,1137,Degree,,1134
16,1135,A-Level,,1134
16,1170,Design and Craft,,0
16,1172,A-Level,,1170
16,1173,AS-Level,,1170
16,1171,11+,,1170
16,1174,Degree,,1170
16,1175,GCSE,,1170
16,1176,Primary,,1170
16,1177,Design and Technology,,0
16,1184,Primary,,1177
16,1183,IB,,1177
16,1182,GCSE,,1177
16,1181,Degree,,1177
16,1179,A-Level,,1177
16,1180,AS-Level,,1177
16,1178,11+,,1177
16,1155,Computing,,0
16,1158,Degree,,1155
16,1159,GCSE,,1155
16,1157,A-Level,,1155
16,1156,11+,,1155
16,1160,IB,,1155
16,1161,Primary,,1155
16,1162,Danish,,0
16,1169,Intermediate,,1162
16,1168,GCSE,,1162
16,1167,Degree,,1162
16,1165,AS-Level,,1162
16,1166,Beginner,,1162
16,1164,Advanced,,1162
16,1163,A-Level,,1162
16,1125,Chinese,,0
16,1129,Beginner,,1125
16,1130,Degree,,1125
16,1128,AS-Level,,1125
16,1127,Advanced,,1125
16,1126,A-Level,,1125
16,1131,GCSE,,1125
16,1132,IB,,1125
16,1133,Intermediate,,1125
16,1227,English Language,,0
16,1228,A-Level,,1227
16,1229,AS-Level,,1227
16,1230,GCSE,,1227
16,1757,Degree,,1227
16,1231,English Literature,,0
16,1232,A-Level,,1231
16,1233,AS-Level,,1231
16,1234,GCSE,,1231
16,1758,Degree,,1231
16,1235,Finance,,0
16,1793,A Level,,1235
16,1794,Adult Learner,,1235
16,1236,Degree,,1235
16,1792,GCSE,,1235
16,1791,KS3,,1235
16,1237,French,,0
16,1238,A-Level,,1237
16,1239,Advanced,,1237
16,1240,AS-Level,,1237
16,1241,Beginner,,1237
16,1242,Common entrance,,1237
16,1243,Degree,,1237
16,1244,GCSE,,1237
16,1246,IB,,1237
16,1245,Intermediate,,1237
16,1247,Primary,,1237
16,1248,Scholarship,,1237
16,1795,Further Maths,,0
16,1249,General Studies,,0
16,1250,A-Level,,1249
16,1251,AS-Level,,1249
16,1252,Degree,,1249
16,1253,GCSE,,1249
16,1254,Geography,,0
16,1255,11+,,1254
16,1256,A-Level,,1254
16,1257,AS-Level,,1254
16,1258,Common entrance,,1254
16,1259,Degree,,1254
16,1260,GCSE,,1254
16,1261,IB,,1254
16,1262,Primary,,1254
16,1263,Scholarship,,1254
16,1264,Geology,,0
16,1265,A-Level,,1264
16,1266,AS-Level,,1264
16,1267,Degree,,1264
16,1268,GCSE,,1264
16,1269,IB,,1264
16,1270,German,,0
16,1271,A-Level,,1270
16,1272,Advanced,,1270
16,1273,AS-Level,,1270
16,1274,Beginner,,1270
16,1275,Common entrance,,1270
16,1276,Degree,,1270
16,1277,IB,,1270
16,1278,Intermediate,,1270
16,1759,GCSE,,1270
16,1279,GMAT,,0
16,1280,GMAT,,1279
16,1281,Graphic Design,,0
16,1282,Graphic Design,,1281
16,1283,Greek (Ancient),,0
16,1284,A-Level,,1283
16,1285,AS-Level,,1283
16,1286,Degree,,1283
16,1287,GCSE,,1283
16,1288,IB,,1283
16,1289,Pre-U,,1283
16,1290,Scholarship,,1283
16,1291,Greek (Modern),,0
16,1292,A-Level,,1291
16,1293,Advanced,,1291
16,1294,AS-Level,,1291
16,1295,Beginner,,1291
16,1296,Degree,,1291
16,1297,GCSE,,1291
16,1298,IB,,1291
16,1299,Intermediate,,1291
16,1300,Pre-U,,1291
16,1301,Scholarship,,1291
16,1302,Gujarati,,0
16,1303,A-Level,,1302
16,1304,Advanced,,1302
16,1305,AS-Level,,1302
16,1306,Beginner,,1302
16,1307,Degree,,1302
16,1308,GCSE,,1302
16,1309,Intermediate,,1302
16,1310,Harrow Admissions,,0
16,1311,Harrow Admissions,,1310
16,1312,Harrow School Admissions,,0
16,1313,Harrow School Admissions,,1312
16,1314,Hebrew,,0
16,1315,A-Level,,1314
16,1316,Advanced,,1314
16,1317,AS-Level,,1314
16,1318,Beginner,,1314
16,1319,Degree,,1314
16,1320,GCSE,,1314
16,1321,Intermediate,,1314
16,1322,Hindi,,0
16,1323,A-Level,,1322
16,1324,Advanced,,1322
16,1325,AS-Level,,1322
16,1326,Beginner,,1322
16,1327,Degree,,1322
16,1328,GCSE,,1322
16,1329,Intermediate,,1322
16,1330,History,,0
16,1331,11+,,1330
16,1332,A-Level,,1330
16,1333,AS-Level,,1330
16,1334,Common entrance,,1330
16,1335,Degree,,1330
16,1336,GCSE,,1330
16,1337,IB,,1330
16,1338,Pre-U,,1330
16,1339,Scholarship,,1330
16,1340,History of Art,,0
16,1341,A-Level,,1340
16,1342,AS-Level,,1340
16,1343,Degree,,1340
16,1344,GCSE,,1340
16,1345,Home Economics,,0
16,1346,11+,,1345
16,1347,A-Level,,1345
16,1348,AS-Level,,1345
16,1349,Degree,,1345
16,1350,GCSE,,1345
16,1351,IB,,1345
16,1352,Primary,,1345
16,1353,Humanities,,0
16,1354,11+,,1353
16,1355,A-Level,,1353
16,1356,AS-Level,,1353
16,1357,Degree,,1353
16,1358,GCSE,,1353
16,1359,IB,,1353
16,1360,Primary,,1353
16,1361,Hungarian,,0
16,1362,A-Level,,1361
16,1363,Advanced,,1361
16,1364,AS-Level,,1361
16,1365,Beginner,,1361
16,1366,Degree,,1361
16,1367,GCSE,,1361
16,1368,Intermediate,,1361
16,1369,ICT,,0
16,1370,11+,,1369
16,1371,A-Level,,1369
16,1372,AS-Level,,1369
16,1373,Degree,,1369
16,1374,GCSE,,1369
16,1777,IELTS Exam Preparation,,0
16,1375,Irish,,0
16,1376,A-Level,,1375
16,1377,Advanced,,1375
16,1378,AS-Level,,1375
16,1379,Beginner,,1375
16,1380,Degree,,1375
16,1381,GCSE,,1375
16,1382,Intermediate,,1375
16,1383,Italian,,0
16,1384,A-Level,,1383
16,1385,Advanced,,1383
16,1386,AS-Level,,1383
16,1387,Beginner,,1383
16,1388,Degree,,1383
16,1389,GCSE,,1383
16,1390,Intermediate,,1383
16,1391,Japanese,,0
16,1392,A-Level,,1391
16,1393,Advanced,,1391
16,1394,AS-Level,,1391
16,1395,Beginner,,1391
16,1396,Degree,,1391
16,1397,GCSE,,1391
16,1398,Intermediate,,1391
16,1399,Kashmiri,,0
16,1400,A-Level,,1399
16,1401,Advanced,,1399
16,1402,AS-Level,,1399
16,1403,Beginner,,1399
16,1404,Degree,,1399
16,1405,GCSE,,1399
16,1406,Intermediate,,1399
16,1407,Korean,,0
16,1408,A-Level,,1407
16,1409,Advanced,,1407
16,1410,AS-Level,,1407
16,1411,Beginner,,1407
16,1412,Degree,,1407
16,1413,GCSE,,1407
16,1414,Intermediate,,1407
16,1415,Latin,,0
16,1416,A-Level,,1415
16,1417,AS-Level,,1415
16,1418,Degree,,1415
16,1419,GCSE,,1415
16,1420,IB,,1415
16,1421,Pre-U,,1415
16,1422,Scholarship,,1415
16,1423,Law,,0
16,1424,A-Level,,1423
16,1425,Degree,,1423
16,1775,GCSE,,1423
16,1426,IB,,1423
16,1776,Law entry exams (LNAT),,1423
16,1427,Leisure and Tourism,,0
16,1428,A-Level,,1427
16,1429,Degree,,1427
16,1430,Leisure Studies,,0
16,1431,A-Level,,1430
16,1432,AS-Level,,1430
16,1433,Degree,,1430
16,1434,Lithuanian,,0
16,1435,A-Level,,1434
16,1436,Advanced,,1434
16,1437,AS,,1434
16,1438,Beginner,,1434
16,1439,Degree,,1434
16,1440,GCSE,,1434
16,1441,Intermediate,,1434
16,1442,Malay,,0
16,1443,A-Level,,1442
16,1444,Advanced,,1442
16,1445,AS-Level,,1442
16,1446,Beginner,,1442
16,1447,Degree,,1442
16,1448,GCSE,,1442
16,1449,Intermediate,,1442
16,1450,Mandarin,,0
16,1451,A-Level,,1450
16,1452,Advanced,,1450
16,1453,AS,,1450
16,1454,Beginner,,1450
16,1455,Common Entrance,,1450
16,1456,Degree,,1450
16,1457,GCSE,,1450
16,1458,IB,,1450
16,1459,Intermediate,,1450
16,1460,Manufacturing,,0
16,1461,A-Level,,1460
16,1462,Degree,,1460
16,1463,Maths,,0
16,1464,11+,,1463
16,1465,A-Level,,1463
16,1466,Common entrance,,1463
16,1467,Degree,,1463
16,1796,Functional Skills,,1463
16,1468,GCSE,,1463
16,1469,IB,,1463
16,1470,Pre-U,,1463
16,1471,Primary,,1463
16,1472,Scholarship,,1463
16,1753,13+,,1463
16,1473,Maths Aptitude Test (MAP),,0
16,1474,Mechanics,,0
16,1475,A-Level,,1474
16,1476,AS-Level,,1474
16,1477,Degree,,1474
16,1478,GCSE,,1474
16,1479,IB,,1474
16,1480,Media,,0
16,1481,A-Level,,1480
16,1482,Degree,,1480
16,1483,GCSE,,1480
16,1484,Medicine,,0
16,1485,A-Level,,1484
16,1486,Degree,,1484
16,1487,Music,,0
16,1488,11+,,1487
16,1489,A-Level,,1487
16,1490,AS,,1487
16,1491,Degree,,1487
16,1492,GCSE,,1487
16,1493,IB,,1487
16,1494,Pre-U,,1487
16,1495,Primary,,1487
16,1496,Music Technology,,0
16,1497,A-Level,,1496
16,1498,AS,,1496
16,1499,Degree,,1496
16,1500,GCSE,,1496
16,1501,Norwegian,,0
16,1502,A-Level,,1501
16,1503,Advanced,,1501
16,1504,AS,,1501
16,1505,Beginner,,1501
16,1506,Degree,,1501
16,1507,GCSE,,1501
16,1508,IB,,1501
16,1509,Intermediate,,1501
16,1510,Persian Farsi,,0
16,1511,A-Level,,1510
16,1512,AS-Level,,1510
16,1513,Beginner,,1510
16,1514,Degree,,1510
16,1515,GCSE,,1510
16,1516,Intermediate,,1510
16,1517,Philosophy,,0
16,1518,A-Level,,1517
16,1519,AS-Level,,1517
16,1520,Degree,,1517
16,1521,IB,,1517
16,1522,Photography,,0
16,1523,A-Level,,1522
16,1524,AS-Level,,1522
16,1525,Degree,,1522
16,1526,GCSE,,1522
16,1527,Physical Education (PE),,0
16,1528,11+,,1527
16,1529,A-Level,,1527
16,1530,AS-Level,,1527
16,1531,Degree,,1527
16,1532,GCSE,,1527
16,1533,IB,,1527
16,1534,Physics,,0
16,1535,A-Level,,1534
16,1536,AS-Level,,1534
16,1537,Degree,,1534
16,1538,GCSE,,1534
16,1539,IB,,1534
16,1540,Pre-U,,1534
16,1541,Physics Aptitude Test,,0
16,1542,PAT,,1541
16,1543,Polish,,0
16,1544,A-Level,,1543
16,1545,Advanced,,1543
16,1546,AS-Level,,1543
16,1547,Beginner,,1543
16,1548,Degree,,1543
16,1549,GCSE,,1543
16,1550,IB,,1543
16,1551,Intermediate,,1543
16,1552,Politics,,0
16,1553,A-Level,,1552
16,1554,AS-Level,,1552
16,1555,Degree,,1552
16,1556,Portuguese,,0
16,1557,A-Level,,1556
16,1558,Advanced,,1556
16,1559,AS-Level,,1556
16,1560,Beginner,,1556
16,1561,Degree,,1556
16,1562,GCSE,,1556
16,1563,IB,,1556
16,1564,Intermediate,,1556
16,1565,Primary,,0
16,1566,11+,,1565
16,1567,Programming,,0
16,1568,11+,,1567
16,1569,A-Level,,1567
16,1570,AS-Level,,1567
16,1571,Degree,,1567
16,1572,GCSE,,1567
16,1573,Psychology,,0
16,1574,A-Level,,1573
16,1575,AS-Level,,1573
16,1576,Degree,,1573
16,1577,Pre-U,,1573
16,1779,PTE Exam Preparation,,0
16,1578,Punjabi,,0
16,1579,A-Level,,1578
16,1580,Advanced,,1578
16,1581,AS-Level,,1578
16,1582,Beginner,,1578
16,1583,Degree,,1578
16,1584,GCSE,,1578
16,1585,Intermediate,,1578
16,1586,Religious Studies,,0
16,1587,A-Level,,1586
16,1588,AS-Level,,1586
16,1589,Common Entrance,,1586
16,1590,Degree,,1586
16,1591,GCSE,,1586
16,1592,Romanian,,0
16,1593,A-Level,,1592
16,1594,Advanced,,1592
16,1595,AS-Level,,1592
16,1596,Beginner,,1592
16,1597,Degree,,1592
16,1598,Intermediate,,1592
16,1599,Russian,,0
16,1600,A-Level,,1599
16,1601,AS-Level,,1599
16,1786,Beginner,,1599
16,1602,Degree,,1599
16,1603,GCSE,,1599
16,1604,IB,,1599
16,1605,School Advice,,0
16,1606,11+,,1605
16,1607,A-Level,,1605
16,1608,AS-Level,,1605
16,1609,GCSE,,1605
16,1610,Science,,0
16,1611,11+,,1610
16,1612,A-Level,,1610
16,1613,AS-Level,,1610
16,1614,Common entrance,,1610
16,1615,Degree,,1610
16,1616,GCSE,,1610
16,1617,IB,,1610
16,1618,Scholarship,,1610
16,1760,13+,,1610
16,1761,Primary,,1610
16,1619,Serbian,,0
16,1620,A-Level,,1619
16,1621,Advanced,,1619
16,1622,AS-Level,,1619
16,1623,Beginner,,1619
16,1624,Degree,,1619
16,1625,GCSE,,1619
16,1626,Intermediate,,1619
16,1627,Seven Plus,,0
16,1628,Seven Plus,,1627
16,1629,Sign Language,,0
16,1630,A-Level,,1629
16,1631,Advanced,,1629
16,1632,AS-Level,,1629
16,1633,Beginner,,1629
16,1634,Degree,,1629
16,1635,GCSE,,1629
16,1636,Intermediate,,1629
16,1783,Singing,,0
16,1637,Slovak,,0
16,1638,A-Level,,1637
16,1639,Advanced,,1637
16,1640,AS-Level,,1637
16,1641,Beginner,,1637
16,1642,Degree,,1637
16,1643,GCSE,,1637
16,1644,Intermediate,,1637
16,1645,Sociology,,0
16,1646,A-Level,,1645
16,1647,AS-Level,,1645
16,1648,Degree,,1645
16,1649,Spanish,,0
16,1650,A-Level,,1649
16,1651,AS-Level,,1649
16,1778,Beginner,,1649
16,1652,Common entrance,,1649
16,1653,Degree,,1649
16,1654,GCSE,,1649
16,1655,IB,,1649
16,1656,Intermediate,,1649
16,1781,Primary,,1649
16,1657,Special Needs,,0
16,1658,11+,,1657
16,1659,A-Level,,1657
16,1660,AS-Level,,1657
16,1661,Degree,,1657
16,1662,GCSE,,1657
16,1663,IB,,1657
16,1664,Statistics,,0
16,1665,A-Level,,1664
16,1666,AS-Level,,1664
16,1667,Degree,,1664
16,1668,GCSE,,1664
16,1669,IB,,1664
16,1670,Swedish,,0
16,1671,A-Level,,1670
16,1672,Advanced,,1670
16,1673,AS-Level,,1670
16,1674,Beginner,,1670
16,1675,Degree,,1670
16,1676,GCSE,,1670
16,1677,IB,,1670
16,1678,Intermediate,,1670
16,1679,Tamil,,0
16,1680,A-Level,,1679
16,1681,Advanced,,1679
16,1682,AS-Level,,1679
16,1683,Beginner,,1679
16,1684,Degree,,1679
16,1685,GCSE,,1679
16,1686,Intermediate,,1679
16,1687,Telugu,,0
16,1688,A-Level,,1687
16,1689,Advanced,,1687
16,1690,AS-Level,,1687
16,1691,Beginner,,1687
16,1692,Degree,,1687
16,1693,GCSE,,1687
16,1694,Intermediate,,1687
16,1695,Thai,,0
16,1696,A-Level,,1695
16,1697,Advanced,,1695
16,1698,AS-Level,,1695
16,1699,Beginner,,1695
16,1700,Degree,,1695
16,1701,GCSE,,1695
16,1702,Intermediate,,1695
16,1703,Thinking Skills Assessment,,0
16,1704,TSA,,1703
16,1780,TOEFL Exam Preparation,,0
16,1705,Turkish,,0
16,1706,A-Level,,1705
16,1707,Advanced,,1705
16,1708,AS-Level,,1705
16,1709,Beginner,,1705
16,1710,Degree,,1705
16,1711,GCSE,,1705
16,1712,Intermediate,,1705
16,1713,Ukranian,,0
16,1714,A-Level,,1713
16,1715,Advanced,,1713
16,1716,AS-Level,,1713
16,1717,Beginner,,1713
16,1718,Degree,,1713
16,1719,GCSE,,1713
16,1720,IB,,1713
16,1721,Intermediate,,1713
16,1722,University Advice,,0
16,1723,AS-Level,,1722
16,1724,Degree,,1722
16,1725,GCSE,,1722
16,1726,Urdu,,0
16,1727,A-Level,,1726
16,1728,Advanced,,1726
16,1729,AS-Level,,1726
16,1730,Beginner,,1726
16,1731,Degree,,1726
16,1732,GCSE,,1726
16,1733,IB,,1726
16,1734,Intermediate,,1726
16,1735,Vietnamese,,0
16,1736,A-Level,,1735
16,1737,Advanced,,1735
16,1738,AS-Level,,1735
16,1739,Beginner,,1735
16,1740,Degree,,1735
16,1741,GCSE,,1735
16,1742,IB,,1735
16,1743,Intermediate,,1735
16,1744,Welsh,,0
16,1745,A-Level,,1744
16,1746,Advanced,,1744
16,1747,AS-Level,,1744
16,1748,Beginner,,1744
16,1749,Degree,,1744
16,1750,GCSE,,1744
16,1751,IB,,1744
16,1752,Intermediate,,1744
